Theta1,Theta2,Theta3,x1,y1,z1,MaxError1,x2,y2,z2,MaxError2,x3,y3,z3,MaxError3,x4,y4,z4,MaxError4,x5,y5,z5,MaxError5,x6,y6,z6,MaxError6,x7,y7,z7,MaxError7,x8,y8,z8,MaxError8,x9,y9,z9,MaxError9,x10,y10,z10,MaxError10
-40.0,-40.0,-40.0,-0.05558932615458884,0.0,-630.0607038985191,0.05605743467393099,-0.11117899890954933,0.0,-630.0534717135376,0.11211558495244779,0.08338450905519304,-0.1444262062478543,-630.0462366612423,0.16817444870010542,-0.22235938360372426,0.0,-630.0389987415247,0.22423402588342242,0.13897504761753898,-0.24071184345795443,-630.0317579542765,0.28029431646820535,-0.3335411528503702,0.0,-630.024514299389,0.3363553204202639,0.19456627814796976,0.3369986791917163,-630.017267776754,0.39241703770606934,0.2223621527084904,-0.385142546171495,-630.0100183862628,0.4484794682912779,0.25015820002996964,0.43328671238188576,-630.0027661278071,0.5045426121420485,-0.5559088400706983,0.0,-629.9955110012784,0.560606469224553
-40.0,-40.0,-36.0,7.983233634097049,13.731259492741794,-634.0472104816884,0.055576456331903994,8.011277270737537,13.683725106535588,-634.0406637942907,0.11115363276477846,8.039321046328578,13.636190341766653,-634.0341142939076,0.1667315344443338,8.067364960792665,13.588655198556555,-634.0275619804263,0.2223101613426353,8.095409014051873,13.541119677027268,-634.021006853734,0.277889513431229,8.123453206028158,13.493583777300827,-634.0144489137181,0.3334695906815184,8.15149753664386,13.446047499498604,-634.0078881602658,0.38905039306570566,8.179542005821006,13.39851084374323,-634.0013245932646,0.4446319205547424,8.207586613481748,13.350973810155923,-633.9947582126015,0.5002141731209137,8.235631359548345,13.303436398858889,-633.9881890181639,0.5557971507356699
-40.0,-40.0,-32.0,16.38640449993928,28.286175593339046,-637.9316838248426,0.0551213557942435,16.41466601594718,28.239215781538086,-637.9258094683767,0.11024345001816407,16.442927637382095,28.19225551309508,-637.9199323521386,0.1653662814280981,16.471189364165845,28.145294788120257,-637.914052476012,0.22048985000170032,16.49945119621978,28.098333606724328,-637.90816983988,0.2756141557160057,16.527713133465046,28.051371969018113,-637.9022844436261,0.33073919854783895,16.55597517582337,28.004409875111932,-637.8963962871336,0.3858649784747742,16.58423732321607,27.957447325116814,-637.890505370286,0.4409914954735772,16.61249957556449,27.91048431914326,-637.8846116929669,0.4961187495214419,16.640761932790227,27.863520857301822,-637.8787152550594,0.5512467405957548
-40.0,-40.0,-28.0,25.143180424492826,43.6449565602495,-641.660697056631,0.05468686625777479,25.088760780329373,43.6463902329581,-641.655483372154,0.10937448451380953,25.0343406373029,43.64782370154585,-641.6502669808178,0.16406285189764808,24.979919995538758,43.649256965994184,-641.6450478825026,0.2187519683922752,24.925498855163212,43.65069002628446,-641.6398260770881,0.27344183397979616,24.87107721630208,43.6521228823976,-641.6346015644542,0.3281324486427533,24.81665507908121,43.653555534315174,-641.6293743444811,0.3828238123636701,24.76223244362673,43.65498798201855,-641.6241444170485,0.4375159251248384,24.707809310064444,43.65642022548867,-641.6189117820363,0.49220878690882497,24.653385678520294,43.657852264707,-641.6136764393245,0.5469023976981181
-40.0,-40.0,-24.0,34.49258974724386,59.64746934694508,-645.1814279710306,0.05426835183140071,34.521205622656105,59.60158423578009,-645.1768646224286,0.10853745813843178,34.549821538736104,59.55569851390996,-645.1722986202741,0.16280732537750722,34.5784374954043,59.5098121814228,-645.1677299644435,0.21707795353704834,34.607053492581144,59.46392523840798,-645.163158654814,0.271349342604391,34.6356695301866,59.41803768495444,-645.158584691262,0.32562149256700984,34.66428560814124,59.37214952115073,-645.154008073665,0.37989440341300473,34.69290172636529,59.32626074708621,-645.1494288018995,0.4341680751296442,34.72151788477901,59.28037136284971,-645.1448468758424,0.48844250770467185,34.75013408330297,59.23448136853014,-645.1402622953706,0.5427177011259451
-40.0,-40.0,-20.0,44.17761332929611,76.42268872433398,-648.4412404966034,0.05386167853199871,44.2063703958002,76.37731460250681,-648.4373182746602,0.10772412952629874,44.23512747180323,76.33193979440003,-648.4333934534544,0.16158735299531918,44.26388455722535,76.28656430009136,-648.42946603286,0.21545134893244478,44.2926416519865,76.24118811965928,-648.425536012751,0.269316117330323,44.32139875600641,76.19581125318257,-648.4216033930019,0.323181658181245,44.35015586920518,76.15043370073893,-648.417668173487,0.3770479714785962,44.37891299150265,76.10505546240738,-648.4137303540804,0.43091505721455087,44.4076701228187,76.05967653826592,-648.4097899346564,0.4847829153821581,44.4364272630734,76.01429692839288,-648.4058469150893,0.538651545974296
-40.0,-40.0,-16.0,54.19128115056483,93.95694209437686,-651.387346029942,0.05346321082675893,54.13798041218603,93.95951304654955,-651.3840566496401,0.10692720362970944,54.08467902552054,93.96208360042571,-651.3807647258488,0.16039198007524913,54.0313769906669,93.96465375596996,-651.3774702584407,0.2138575401615528,53.97807430772425,93.96722351314644,-651.374173247287,0.26732388388623257,53.9247709767917,93.96979287191964,-651.3708736922603,0.3207910112469078,53.87146699796798,93.97236183225388,-651.3675715932327,0.37425892224158885,53.81816237135245,93.97493039411371,-651.3642669500762,0.42772761686769806,53.76485709704377,93.97749855746319,-651.3609597626627,0.48119709512333914,53.71155117514097,93.98006632226677,-651.3576500308643,0.5346673570062764
-40.0,-40.0,-12.0,64.69092454307915,112.14253833081348,-653.966536603741,0.05306965556331323,64.63800061960298,112.14544238673774,-653.9638724977276,0.10614010567054796,64.58507599948142,112.14834598256384,-653.9612059059019,0.1592113501091632,64.53215068280409,112.15124911825106,-653.9585368281341,0.21228338888234258,64.47922466966143,112.15415179375859,-653.9558652642949,0.26535622199241726,64.42629796014366,112.15705400904537,-653.9531912142542,0.3184298494419995,64.37337055434053,112.15995576407032,-653.9505146778827,0.37150427123410695,64.32044245234249,112.16285705879265,-653.9478356550509,0.4245794873711097,64.2675136542396,112.16575789317136,-653.945154145629,0.47765549785580375,64.2145841601219,112.16865826716551,-653.9424701494872,0.5307323026909663
-40.0,-40.0,-8.0,75.58683943569228,131.01446821021636,-656.1249838328827,0.052678062257823316,75.53429888046065,131.01768799181403,-656.122937943219,0.10535692518283897,75.48175758125544,131.02090725329435,-656.1208896276702,0.15803659255221802,75.42921553815745,131.0241259946112,-656.1188388861051,0.210717064373937,75.3766727512483,131.02734421571884,-656.116785718393,0.2633983406552083,75.3241292206092,131.03056191657066,-656.114730124403,0.31608042140357745,75.27158494632131,131.03377909712083,-656.1126721040043,0.3687633066267119,75.21903992846629,131.03699575732355,-656.1106116570664,0.4214469963318069,75.16649416712528,131.04021189713225,-656.1085487834584,0.4741314905265099,75.11394766237946,131.04342751650108,-656.106483483049,0.5268167892185278
-40.0,-40.0,-4.0,86.87146821674241,150.55964009878878,-657.8080991118693,0.05228573364951467,86.81932008035837,150.56316108682694,-657.8066646817258,0.1045722813651413,86.76717115389842,150.56668149672586,-657.8052278881532,0.15685964297154015,86.71502143743453,150.57020132843414,-657.80378873102,0.2091478184814557,86.66287093103958,150.57372058190091,-657.8023472101944,0.2614368079067738,86.61071963478615,150.57723925707526,-657.8009033255454,0.3137266112596598,86.55856754874634,150.5807573539058,-657.799457076941,0.36601722855277335,86.50641467299322,150.58427487234187,-657.7980084642503,0.418308659797835,86.45426100759914,150.58779181233237,-657.7965574873417,0.4706009050072629,86.40210655263633,150.59130817382587,-657.7951041460833,0.5228939641936345
-40.0,-40.0,0.0,98.53668784294862,170.76398300102727,-658.960451683762,0.051890239023375063,98.48494351021142,170.76779324726692,-658.9596220505078,0.10378130025025226,98.43319834272401,170.77160285956833,-658.9587901190255,0.15567318406232022,98.3814523405498,170.77541183787582,-658.9579558891837,0.20756589047679969,98.32970550375265,170.77922018213349,-658.9571193608505,0.25945941951046775,98.27795783239651,170.7830278922855,-658.9562805338942,0.31135377118002433,98.22620932654489,170.78683496827597,-658.9554394081836,0.3632489455026094,98.174459986262,170.79064141004946,-658.954595983587,0.4151449424947196,98.12270981161136,170.7944472175498,-658.9537502599727,0.4670417621734721,98.0709588026567,170.79825239072125,-658.9529022372088,0.518939404555851
-40.0,-40.0,4.0,110.5735501887079,191.6119968406105,-659.5257420161352,0.0514893662789942,110.52222322560584,191.61608670647223,-659.5255104072171,0.10297953800133686,110.4708953847149,191.62017588505444,-659.5252765681723,0.1544705401709825,110.41956666608962,191.62426437629645,-659.5250404988695,0.20596237280981056,110.36823706978554,191.628352180138,-659.5248021991777,0.25745503593880487,110.31690659585774,191.63243929651887,-659.5245616689655,0.30894852957936364,110.26557524436112,191.6365257253785,-659.5243189081019,0.36044285375310625,110.21424301535112,191.64061146665682,-659.5240739164554,0.41193800848110823,110.16290990888277,191.6446965202933,-659.5238266938952,0.46343399378485767,110.11157592501094,191.64878088622737,-659.5235772402899,0.514930809686004
-40.0,-40.0,8.0,123.05215965083688,213.0400804523889,-659.4468284476428,0.051081007037248945,123.08138417708025,212.99818591879074,-659.4471877806864,0.10216284331173142,123.11060852375157,212.9562902203689,-659.4475449547024,0.15324551698810776,123.13983269077157,212.91439335713082,-659.4478999695601,0.20432902809258638,123.16905667806124,212.87249532908484,-659.4482528251294,0.25541337665071295,123.19828048554089,212.83059613623882,-659.4486035212803,0.3064985626881153,123.22750411313162,212.78869577860067,-659.4489520578826,0.35758458623082223,123.2567275607538,212.74679425617836,-659.4492984348055,0.40867144730440214,123.28595082832845,212.7048915689802,-659.4496426519196,0.45975914593453443,123.31517391577628,212.66298771701364,-659.4499847090939,0.5108476821474367
-40.0,-40.0,12.0,135.80053474450625,235.12142774432346,-658.6658053480096,0.050663353652688196,135.82976468263251,235.08005648007824,-658.6667480366738,0.10132753673602615,135.85899441943275,235.03868399326322,-658.6676886404476,0.1519925631983781,135.88822395482873,234.99731028387686,-658.6686271592026,0.20265843307002343,135.91745328874202,234.95593535191782,-658.66956359281,0.25332514638095743,135.94668242109395,234.91455919738502,-658.6704979411415,0.3039927031608522,135.97591135180602,234.87318182027633,-658.6714302040679,0.3546611034403303,136.00514008079946,234.83180322059087,-658.6723603814605,0.4053303472488707,136.03436860799596,234.7904233983271,-658.6732884731907,0.45600043461673606,136.06359693331706,234.74904235348365,-658.6742144791299,0.506671365574022
-40.0,-40.0,16.0,148.80721741947758,257.8331079038712,-657.1241310990384,0.0502346835402287,148.75724357566077,257.8379983610081,-657.1256488662682,0.10047018146394521,148.70726873686925,257.8428879879633,-657.1271646257716,0.15070652770176185,148.65729290313232,257.84777678466463,-657.1286783774223,0.20094372228821467,148.60731607447997,257.85266475103975,-657.1301901210936,0.25118176525710034,148.55733825094183,257.8575518870159,-657.1316998566588,0.30142065664257073,148.50735943254736,257.86243819252064,-657.1332075839911,0.35166039647896374,148.45737961932667,257.86732366748186,-657.1347133029642,0.40190098480005465,148.40739881130892,257.8722083118264,-657.1362170134508,0.45214242164042595,148.35741700852392,257.8770921254823,-657.1377187153249,0.5023847070341738
-40.0,-40.0,20.0,162.2166348677697,281.0583101411313,-654.7628040865658,0.04979339352396621,162.16715154236329,281.0634601363874,-654.7648877870101,0.09958760754189695,162.11766718760103,281.06860926031555,-654.7669695598536,0.14938267370849292,162.0681818035037,281.0737575128397,-654.7690494049722,0.19917859206246796,162.0186953900932,281.0789048938842,-654.7711273222416,0.24897536264148962,161.969207947391,281.08405140337277,-654.773203311538,0.2987729854835721,161.91971947541816,281.08919704122957,-654.7752773727375,0.34857146062720934,161.87022997419663,281.09434180737884,-654.7773495057158,0.3983707881100345,161.82073944374767,281.09948570174436,-654.7794197103492,0.44817096797032663,161.77124788409256,281.10462872425023,-654.781487986513,0.4979720002463533
-40.0,-40.0,24.0,175.9327916246742,304.81476041031084,-651.522584624122,0.049338053258561214,175.88382108652243,304.8201684781471,-651.525224077568,0.09867695795548675,175.834849487316,304.8255756371217,-651.527861686385,0.14801671748330783,175.78587682706757,304.83098188715536,-651.5304974504519,0.1973573318845924,175.73690310579101,304.83638722816966,-651.5331313696478,0.24669880120077423,175.6879283234997,304.8417916600846,-651.5357634438518,0.29604112547367156,175.63895248020663,304.8471951828215,-651.538393672943,0.34538430474561665,175.58997557592573,304.85259779630155,-651.5410220568007,0.39472833905798593,175.54099761067042,304.85799950044543,-651.5436485953038,0.4440732284526683,175.4920185844539,304.86340029517424,-651.5462732883316,0.4934189729717812
-40.0,-40.0,28.0,189.93736457667163,329.0707209454246,-647.3442603389021,0.04886743906657246,189.8889303765756,329.0763866381642,-647.3474441766398,0.09773571746471872,189.84049508660186,329.0820513883216,-647.350626255404,0.14660485217883382,189.79205870675563,329.0877151958151,-647.3538065750777,0.1954748432547859,189.74362123704265,329.0933780605629,-647.3569851355434,0.24434569073781634,189.69518267746864,329.0990399824832,-647.3601619366841,0.2932173946732892,189.646743028039,329.1047009614939,-647.3633369783824,0.34208995510680607,189.5983022887597,329.1103609975141,-647.3665102605215,0.39096337208359017,189.54986045963616,329.11602009046106,-647.3696817829835,0.4398376456491531,189.50141754067388,329.12167824025323,-647.3728515456517,0.48871277584913747
-40.0,-40.0,32.0,204.20989948205124,353.7907628506093,-642.1689520701827,0.048380352581507365,204.16202628614172,353.79668654225947,-642.1726675962224,0.09676152806386064,204.11415197458984,353.80260926160173,-642.1763814514211,0.14514356011202195,204.0662765473932,353.80853100855217,-642.1800936356663,0.193526448775302,204.0184000045501,353.8144517830266,-642.1838041488444,0.24191019410217532,203.97052234605857,353.82037158494063,-642.1875129908427,0.29029479614152337,203.92264357191658,353.82629041421023,-642.1912201615478,0.3386802549422197,203.87476368212245,353.8322082707515,-642.194925660847,0.3870665705529008,203.82688267667407,353.8381251544799,-642.198629488627,0.4354537430224882,203.77900055556944,353.84404106531133,-642.2023316447747,0.48384177239991893
-40.0,-40.0,36.0,218.72770155338333,378.9355765986343,-635.9384567901419,0.04787571609007202,218.68041496891345,378.94175929080666,-635.9426898591659,0.09575228263968452,218.6331272462624,378.9479409850984,-635.9469213477099,0.1436297047400317,218.58583838542063,378.9541216814236,-635.9511512556661,0.19150798244345188,218.53854838637892,378.960301379696,-635.9553795829256,0.23938711580184513,218.4912572491282,378.96648007982935,-635.9596063293801,0.2872671048670359,218.44396497365895,378.97265778173784,-635.963831494921,0.33514794969135187,218.39667155996253,378.9788344853354,-635.96805507944,0.3830296503262094,218.3493770080292,378.98501019053566,-635.9722770828281,0.430912206824048,218.30208131784997,378.9911848972526,-635.9764975049774,0.47879561923670494
-40.0,-40.0,40.0,233.46574873264413,404.4618218344295,-628.5956234873872,0.04735271315471132,233.41907512608367,404.4682649643446,-628.6003584012194,0.09470626507613043,233.3724003621795,404.4747070750908,-628.6050918268751,0.14206067024674823,233.3257244409148,404.4811481665807,-628.6098237642508,0.1894159287220932,233.27904736227399,404.4875882387266,-628.614554213243,0.23677204055648524,233.2323691262408,404.49402729144094,-628.6192831737487,0.28412900580498146,233.18568973279878,404.5004653246361,-628.6240106456642,0.33148682452271877,233.13900918193207,404.50690233822434,-628.6287366288857,0.37884549676429674,233.09232747362452,404.5133383321182,-628.6334611233103,0.4262050225846841,233.0456446078597,404.51977330623004,-628.6381841288342,0.47356540203901704
-40.0,-40.0,44.0,248.396628942913,430.3220187072451,-620.0847573835044,0.04681054848253414,248.35059525058045,430.3287239582251,-620.089976807726,0.09362191043539154,248.30456038524898,430.33542817313497,-620.095194837697,0.14043412203618696,248.2585243468953,430.34213135188634,-620.1004114733197,0.1872471833430359,248.21248713549687,430.34883349439036,-620.1056267144957,0.2340610944132995,248.16644875103097,430.3555346005583,-620.110840561127,0.28087585530449927,248.12040919347479,430.36223467030163,-620.116053013116,0.3276914660743426,248.07436846280558,430.3689337035315,-620.1212640703642,0.37450792678035294,248.02832655900065,430.37563170015954,-620.1264737327737,0.4213252374801475,247.98228348203716,430.3823286600968,-620.1316820002464,0.46814339823138573
-40.0,-40.0,48.0,263.5645867184334,456.4217101331992,-610.3520473097215,0.04624850775230877,263.5933053833445,456.38590617685793,-610.3577322118599,0.0924978657421025,263.62202373273476,456.35010066998666,-610.3634158149486,0.13874806847444712,263.65074176654196,456.31429361251537,-610.3690981188953,0.18499911600997665,263.67945948470305,456.27848500437455,-610.3747791236079,0.231251008408436,263.70817688715493,456.24267484549455,-610.3804588289938,0.2775037457295765,263.7368939738353,456.20686313580563,-610.3861372349614,0.3237573280338802,263.7656107446809,456.1710498752378,-610.3918143414177,0.37001175538118297,263.79432719962904,456.13523506372184,-610.3974901482708,0.41626702783142755,263.8230433386166,456.0994187011874,-610.4031646554279,0.46252314544482065
-40.0,-40.0,52.0,278.7150902890833,482.83330456974727,-599.346010578557,0.045666233062037494,278.6704185261782,482.84053917019276,-599.3521401890185,0.09133326676766966,278.62574556989745,482.8477727141745,-599.358268596535,0.13700113901068978,278.5810714202063,482.85500520160315,-599.3643958010205,0.18266984985337914,278.53639607706987,482.86223663238934,-599.3705218023883,0.22833939935799216,278.49171954045363,482.8694670064437,-599.3766466005524,0.2740097875865535,278.44704181032256,482.8766963236766,-599.3827701954266,0.3196810146015418,278.4023628866421,482.88392458399886,-599.3888925869247,0.3653530804650345,278.3576827693771,482.89115178732055,-599.3950137749599,0.41102598523946204,278.31300145849315,482.89837793355247,-599.4011337594465,0.45669972898687416
-40.0,-40.0,56.0,294.10810924758596,509.32656478003554,-587.0179492643144,0.04506319592789618,294.1365804637908,509.2922540032394,-587.0245010609458,0.09012721255019006,294.165051361055,509.2579416590275,-587.0310517512517,0.13519206021707747,294.1935219393222,509.22362774732045,-587.0376013351527,0.1802577389931962,294.22199219853474,509.1893122680384,-587.0441498125682,0.22532424894275682,294.25046213863556,509.1549952211025,-587.0506971834184,0.27039159012954994,294.2789317595678,509.1206766064335,-587.0572434476237,0.31545976261796627,294.307401061274,509.0863564239518,-587.0637886051035,0.3605287664720006,294.3358700436974,509.05203467357796,-587.0703326557782,0.40559860175630424,294.3643387067808,509.017711355233,-587.0768755995675,0.45066926853460515
-40.0,-40.0,60.0,309.4867419733156,535.9641682624298,-573.3224114720254,0.04443927294318702,309.51507031723173,535.9306402717091,-573.3293611888656,0.08887934262651258,309.5433983434692,535.8971107133982,-573.3363098961152,0.13332023459633516,309.5717260519744,535.8635795874135,-573.3432575937004,0.1777619489190364,309.6000534426932,535.8300468936717,-573.3502042815473,0.22220448566034176,309.6283805155716,535.79651263209,-573.357149959583,0.26664784488592363,309.65670727055584,535.7629768025848,-573.3640946277337,0.31109202666189323,309.68503370759163,535.7294394050735,-573.3710382859255,0.3555370310535477,309.71335982662504,535.6959004394722,-573.3779809340849,0.39998285812733747,309.74168562760235,535.6623599056979,-573.3849225721386,0.44442950794907543
-40.0,-40.0,64.0,324.8848624456785,562.6355715969926,-558.217650936972,0.04379431795558974,324.9130347431378,562.6028496610851,-558.2249725974266,0.08758941065059031,324.9412067260818,562.5701261628981,-558.2322933447335,0.1313853156382951,324.96937839446036,562.5374011023448,-558.2396131788258,0.17518203298653753,324.9975497482221,562.504674479339,-558.246932099636,0.2189795627619598,325.02572078731697,562.4719462937943,-558.2542501070974,0.26277790503215104,325.05389151169396,562.4392165456238,-558.261567201143,0.3065770598645915,325.0820619213023,562.4064852347415,-558.2688833817053,0.3503770273261433,325.11023201609146,562.3737523610606,-558.2761986487176,0.39417780748437686,325.13840179601095,562.3410179244948,-558.283513002113,0.4379794004067015
-40.0,-40.0,68.0,340.19123135975605,589.3088917394788,-541.6660781603824,0.04312832272687897,340.14960933543,589.3171960290201,-541.6737441347022,0.08625744623775031,340.10798612218275,589.3254992747211,-541.6814092916204,0.12938737084940533,340.0663617199603,589.3338014764968,-541.6890736310766,0.17251809663086265,340.0247361287091,589.3421026342611,-541.6967371530097,0.21564962365039136,339.9831093483762,589.3504027479291,-541.7043998573603,0.25878195197610554,339.9414813789074,589.3587018174151,-541.7120617440672,0.3019150816770454,339.8998522202496,589.3669998426336,-541.7197228130703,0.34504901282122696,339.8582218723493,589.3752968234995,-541.7273830643089,0.3881837454771957,339.81659033515257,589.3835927599267,-541.7350424977228,0.43131927971372624
-40.0,-40.0,72.0,355.5710089547807,615.7878255914836,-523.6346962492751,0.042441567519002465,355.5988282662177,615.7567814245862,-523.6426773358912,0.08488390639768956,355.6266472748307,615.7257357221547,-523.650657699756,0.12732703403306658,355.6544659805763,615.6946884840977,-523.6586373408154,0.16977095049494684,355.6822843834106,615.6636397103243,-523.6666162590155,0.2122156558524626,355.71010248329026,615.6325894007438,-523.6745944543029,0.2546611501750576,355.7379202801714,615.6015375552644,-523.6825719266235,0.29710743353241814,355.76573777401023,615.5704841737955,-523.6905486759232,0.3395545059934674,355.79355496476336,615.5394292562462,-523.6985247021486,0.3820023676278939,355.82137185238685,615.5083728025252,-523.7065000052453,0.42445101850493266
-40.0,-40.0,76.0,370.76966198061245,642.113876191116,-504.09551468152847,0.04173428138952465,370.7972836400462,642.083701039952,-504.10378021147125,0.0834693362202892,370.824905004976,642.0535243744207,-504.11204511183064,0.12520516636410378,370.8525260753622,642.0233461944298,-504.1203093825594,0.16694177189126738,370.88014685116514,641.9931664998869,-504.1285730236105,0.20867915287204133,370.9077673323442,641.9629852906996,-504.1368360349364,0.25041730937608414,370.93538751885967,641.9328025667753,-504.14509841648976,0.292156241473872,370.9630074106714,641.9026183280218,-504.1533601682233,0.3338959492351263,370.99062700773976,641.8724325743468,-504.16162129008984,0.3756364327302049,371.01824631002444,641.8422453056576,-504.16988178204195,0.41737769202919245
-40.0,-40.0,80.0,385.80937120760615,668.1646711976907,-483.02593434668535,0.041007005476917456,385.836780635622,668.1353829544246,-483.0344523100192,0.08201473201890803,385.86418977894346,668.1060932229126,-483.04296973508826,0.12302321939010867,385.89159863753423,668.0768020030607,-483.0514866218515,0.16403246766161164,385.91900721135823,668.0475092947763,-483.06000297026793,0.20504247690366126,385.946415500379,668.018215097966,-483.0685187802969,0.24605324718680063,385.9738235045605,667.9889194125366,-483.07703405189756,0.2870647785818999,386.00123122386617,667.9596222383951,-483.08554878502844,0.3280770711588026,386.02863865826,667.9303235754481,-483.09406297964944,0.3690901249887182,386.05604580770535,667.9010234236022,-483.1025766357187,0.4101039401419705
-40.0,-36.0,-40.0,7.983233634097049,-13.731259492741794,-634.0472104816884,0.055576456331903994,8.011277270737537,-13.683725106535585,-634.0406637942907,0.1111536327647815,8.039321046328578,-13.636190341766651,-634.0341142939076,0.16673153444433533,8.067364960792665,-13.588655198556559,-634.0275619804263,0.22231016134263223,8.095409014051873,-13.54111967702734,-634.021006853734,0.2778895134311682,8.123453206028158,-13.49358377730083,-634.0144489137181,0.3334695906815168,8.15149753664386,-13.446047499498675,-634.0078881602658,0.3890503930656449,8.179542005821006,-13.39851084374316,-634.0013245932646,0.44463192055480166,8.207586613481748,-13.350973810155919,-633.9947582126015,0.5002141731209166,8.235631359548345,-13.303436398858889,-633.9881890181639,0.5557971507356699
-40.0,-36.0,-36.0,16.184942809014647,0.0,-638.3211939485719,0.055060140603386314,16.130190436322582,0.0,-638.3153734656486,0.11012101903182611,16.07543761671898,0.0,-638.309550227894,0.1651826330808495,16.020684350338104,0.0,-638.3037242351917,0.22024498272797138,15.965930637314752,0.0,-638.297895487425,0.275308067950231,15.911176477783467,0.0,-638.2920639844771,0.3303718887249251,15.856421871878535,0.0,-638.2862297262313,0.38543644502960667,15.801666819735376,0.0,-638.2803927125715,0.4405017368406737,15.74691132148782,0.0,-638.2745529433803,0.49556776413621156,15.692155377270879,0.0,-638.2687104185414,0.5506345268930467
-40.0,-36.0,-32.0,24.921773370280782,14.548579256149916,-642.4947771636281,0.05457052579946869,24.867443878247247,14.549058194218048,-642.4896683237816,0.10914179413152755,24.81311388999071,14.549537064596745,-642.4845567860301,0.16371380846584724,24.758783405635675,14.550015867279686,-642.4794425502533,0.21828656878550454,24.704452425307466,14.550494602260656,-642.474325616331,0.2728600750727844,24.650120949131008,14.550973269533397,-642.4692059841432,0.32743432731035305,24.595788977231102,14.551451869091881,-642.4640836535693,0.38200932548104777,24.54145650973337,14.551930400929606,-642.4589586244897,0.4365850695668418,24.48712354676232,14.552408865040583,-642.4538308967835,0.49116155955091145,24.4327900884432,14.552887261418455,-642.4487004703313,0.5457387954155946
-40.0,-36.0,-28.0,34.098841800740104,29.849581025703543,-646.5141354129296,0.05410232726474671,34.04492667181154,29.85050406421317,-646.5097250499355,0.1082054179875944,33.991010997785125,29.851426968650095,-646.5053120455214,0.16230926494982006,33.9370947787762,29.852349739002065,-646.500896399564,0.21641386813948552,33.88317801490066,29.853272375256964,-646.4964781119402,0.27051922754410795,33.82926070627402,29.854194877402435,-646.4920571825265,0.32462534315159536,33.77534285301181,29.855117245426563,-646.4876336111995,0.3787322149498922,33.72142445523028,29.85603947931699,-646.4832073978368,0.43283984292609756,33.66750551304448,29.856961579061455,-646.4787785423139,0.4869482270687304,33.61358602657048,29.85788354464794,-646.4743470445085,0.5410573673651049
-40.0,-36.0,-24.0,43.706048785823064,45.88875929299943,-650.3259730668952,0.0536509630970518,43.65254315082305,45.89009644533044,-650.3222492072243,0.10730269261819016,43.59903692244748,45.891433398590436,-650.3185227628451,0.1609551883371622,43.54553010080226,45.89277015276115,-650.3147937336312,0.21460845024732644,43.49202268599424,45.894106707824825,-650.3110621194571,0.26826247834105527,43.43851467812983,45.89544306376346,-650.3073279201967,0.321917272611234,43.38500607731514,45.89677922055896,-650.303591135724,0.3755728330510092,43.331496883657316,45.89811517819346,-650.2998517659134,0.42922915965250524,43.277987097262375,45.899450936648975,-650.2961098106384,0.48288625240904576,43.224476718237,45.90078649590754,-650.2923652697738,0.5365441113132029
-40.0,-36.0,-20.0,53.73435714658956,62.653657462171985,-653.8771107255891,0.053212322096122526,53.681259459663686,62.6553830182339,-653.8740623792211,0.1064254249274285,53.62816113184619,62.657108311715774,-653.8710115056466,0.15963930351817687,53.57506216323395,62.658833342593844,-653.8679581047373,0.21285395786657801,53.521962553924766,62.66055811084469,-653.8649021763657,0.26606938796990026,53.46886230401603,62.6622826164448,-653.861843720403,0.3192855938258889,53.41576141360481,62.66400685937059,-653.8587827367217,0.37250257543255755,53.36265988278937,62.665730839598524,-653.8557192251936,0.425720332786768,53.309557711666486,62.667454557105074,-653.8526531856905,0.4789388658868992,53.25645490033382,62.66917801186659,-653.8495846180845,0.5321581747304108
-40.0,-36.0,-16.0,64.17536444507101,80.1329035091402,-657.1141519274406,0.05278279584180448,64.12267620553362,80.13499554608566,-657.1117688757514,0.10556637412549677,64.06998727852121,80.13708725855994,-657.1093833556223,0.1583507372264416,64.01729766412201,80.13917864653419,-657.1069953669243,0.2111358851472846,63.96460736242464,80.14126970997933,-657.104604909527,0.26392181789035385,63.911916373517684,80.14336044886666,-657.102211983301,0.316708535457981,63.859224697489324,80.14545086316706,-657.0998165881161,0.36949603785294677,63.80653233442885,80.14754095285173,-657.0974187238434,0.42228432507688357,63.75383928442403,80.1496307178915,-657.0950183903522,0.4750733971330104,63.70114554756369,80.15172015825745,-657.092615587513,0.5278632540234635
-40.0,-36.0,-12.0,75.02092514177525,98.31558510345914,-659.9832214927034,0.052359113106610525,74.96865065227792,98.31802506390343,-659.9814940760798,0.10471901784714961,74.91637542983219,98.32046463975269,-659.9797642514426,0.15707971586165315,74.86409947451743,98.32290383097285,-659.9780320186608,0.20944120715747727,74.81182278641353,98.32534263752967,-659.9762973776035,0.2618034917414644,74.7595453656003,98.32778105938922,-659.9745603281394,0.3141665696205534,74.70726721215706,98.33021909651711,-659.9728208701379,0.36653044080216407,74.65498832616414,98.33265674887919,-659.9710790034684,0.41889510529270474,74.60270870770073,98.33509401644147,-659.9693347279994,0.4712605630997925,74.5504283568468,98.33753089916956,-659.9675880435999,0.5236268142302136
-40.0,-36.0,-8.0,86.2628118350778,117.19068731576344,-662.4297695415539,0.0519383635276552,86.21095798747461,117.19345963937647,-662.4286884487169,0.10387752070566891,86.15910336274263,117.19623152020439,-662.427605010272,0.1558174789246988,86.10724796095262,117.19900295820818,-662.4265192260881,0.2077582381964542,86.05539178217586,117.20177395334882,-662.4254310960333,0.2596997985321889,86.00353482648312,117.20454450558677,-662.4243406199762,0.31164215994363204,85.95167709394525,117.20731461488307,-662.423247797785,0.3635853224424715,85.89981858463383,117.21008428119856,-662.4221526293284,0.41552928603966705,85.84795929861941,117.21285350449403,-662.4210551144746,0.4674740507472238,85.7960992359731,117.21562228473026,-662.419955253092,0.5194196165765916
-40.0,-36.0,-4.0,97.8924079632342,136.74658026605675,-664.3984367391744,0.05151788092142486,97.84098404507128,136.7496720631833,-664.397992799827,0.10303657314210486,97.78955930708061,136.7527633614499,-664.3975465795122,0.1545560733994536,97.73813374932426,136.75585416081236,-664.3970980780988,0.20607638170963904,97.68670737186493,136.758944461227,-664.3966472954552,0.25759749808825855,97.63528017476494,136.76203426264965,-664.396194231449,0.30911942255123975,97.58385215808626,136.76512356503628,-664.3957388859488,0.3606421551149195,97.53242332189213,136.76821236834292,-664.3952812588235,0.41216569579433876,97.48099366624426,136.77130067252565,-664.3948213499407,0.46369004460609503,97.42956319120509,136.7743884775399,-664.3943591591683,0.5152152015660438
-40.0,-36.0,0.0,109.90042654814135,156.97054772502685,-665.8329774426511,0.0510953278147808,109.84944406394786,156.97394848321562,-665.8331614249091,0.10219144016705269,109.7984607189012,156.97734868877652,-665.8333431932666,0.1532883667057476,109.74747651305492,156.9807483416608,-665.8335227475923,0.2043861074512931,109.69649144646307,156.98414744181986,-665.8337000877547,0.25548466242363843,109.64550551917958,156.98754598920513,-665.8338752136226,0.3065840316428671,109.59451873125796,156.99094398376792,-665.8340481250648,0.35768421512947074,109.54353108275284,156.99434142545942,-665.8342188219499,0.408785212902853,109.49254257371744,156.9977383142314,-665.8343873041467,0.4598870249838274,109.44155320420593,157.00113465003488,-665.8345535715238,0.5109896513922718
-40.0,-36.0,4.0,122.27665127361865,177.84835053575728,-666.6762382124787,0.05066844720493213,122.22612377620067,177.852051851871,-666.6770406264959,0.10133768444107617,122.17559537877207,177.85575256409524,-666.6778408962374,0.1520077410994828,122.12506608137794,177.85945267237682,-666.6786390215725,0.202678617204768,122.07453588406406,177.8631521766629,-666.6794350023712,0.2533503127808573,122.02400478687598,177.86685107690053,-666.6802288385029,0.30402282785193824,121.9734727898587,177.87054937303665,-666.681020529837,0.35469616244271307,121.92293989305865,177.87424706501804,-666.681810076244,0.4053703165765067,121.87240609652063,177.87794415279214,-666.6825974775928,0.45604529027828344,121.82187140029026,177.88164063630515,-666.6833827337531,0.5067210835721279
-40.0,-36.0,8.0,135.00969753675912,199.36382097177827,-666.8701896514,0.05023528342219007,134.95964046455686,199.3678163038342,-666.871600560636,0.10047136426242974,134.90958245524928,199.37181098344863,-666.8730093978546,0.15070826878554602,134.8595235088735,199.37580501056448,-666.8744161629274,0.20094599701983903,134.80946362546698,199.37979838512476,-666.8758208557252,0.2511845489932929,134.75940280506683,199.38379110707194,-666.8772234761191,0.3014239247341518,134.7093410477102,199.38778317634922,-666.8786240239803,0.35166412427073274,134.65927835343496,199.3917745928994,-666.8800224991803,0.40190514763065976,134.60921472227784,199.3957653566652,-666.8814189015897,0.452146994842576,134.55915015427638,199.39975546758967,-666.88281323108,0.502389665934459
-40.0,-36.0,12.0,148.08679217030857,221.49848592501058,-666.3560097852438,0.04979402666577347,148.0372226876089,221.5027703591299,-666.3580186268861,0.09958886006366094,147.9876522329657,221.5070540951687,-666.360025471426,0.14938452037457445,147.93808080640775,221.51133713306598,-666.3620303187361,0.199181007630798,147.8885084079646,221.51561947276045,-666.3640331686902,0.2489783218639273,147.83893503766535,221.51990111419167,-666.3660340211611,0.2987764631059919,147.7893606955389,221.5241820572982,-666.3680328760222,0.348575431389223,147.7397853816151,221.52846230201908,-666.3700297331468,0.3983752267449438,147.69020909592257,221.53274184829354,-666.3720245924078,0.4481758492056694,147.64063183849083,221.53702069606035,-666.3740174536783,0.49797729880304825
-40.0,-36.0,16.0,161.49357136384512,244.23121821790184,-665.0742172398509,0.049343001070794146,161.44450820128338,244.23578824678745,-665.0768126559767,0.09868684837834128,161.39544403438495,244.2403575350652,-665.0794061525406,0.1480315247512318,161.34637886317103,244.2449260826707,-665.0819977294188,0.19737703022513503,161.29731268766307,244.24949388953956,-665.0845873864872,0.2467233648354547,161.24824550788233,244.25406095560717,-665.0871751236213,0.2960705286177692,161.19917732384988,244.25862728080892,-665.0897609406966,0.34541852160787045,161.15010813558789,244.26319286508047,-665.0923448375898,0.3947673438405352,161.10103794311652,244.26775770835673,-665.0949268141754,0.4441169953523403,161.05196674645788,244.27232181057363,-665.0975068703303,0.49346747617821074
-40.0,-36.0,20.0,175.2138969514856,267.5379164233577,-662.9648523280385,0.048880776184367467,175.16536024483247,267.54276973360794,-662.9680220091493,0.09776240247918364,175.1168225040781,267.5476222640275,-662.9711898507876,0.14664485887255724,175.06828372923542,267.55247401454807,-662.9743558528322,0.19552814540409186,175.01974392031858,267.55732498510247,-662.9775200151623,0.24441226211231887,174.9712030773409,267.5621751756224,-662.9806823376563,0.29329720903643364,174.92266120031593,267.56702458604025,-662.9838428201934,0.34218298621558857,174.87411828925806,267.57187321628845,-662.9870014626526,0.39106959368802285,174.82557434418007,267.5767210662988,-662.9901582649123,0.43995703149354304,174.7770293650961,267.5815681360037,-662.9933132268518,0.48884529967070184
-40.0,-36.0,24.0,189.2296917119104,291.39121439954783,-659.9677038723539,0.04840596224869893,189.18170283765554,291.3963496658918,-659.9714344149468,0.0968127795231442,189.1337129023362,291.4014841166656,-659.9751632005796,0.14522042677789232,189.085721905958,291.4066177517982,-659.9788902291345,0.19362890405572153,189.03772984852748,291.41175057121933,-659.9826155004944,0.2420382113985086,188.98973673005094,291.4168825748581,-659.9863390145417,0.2904483488483893,188.94174255053406,291.42201376264376,-659.9900607711587,0.3388593164480689,188.89374730998375,291.4271441345058,-659.993780770228,0.387271114239124,188.84575100840573,291.43227369037334,-659.9974990116317,0.4356837422642381,188.79775364580647,291.4374024301759,-660.0012154952526,0.4840972005654377
-40.0,-36.0,28.0,203.52079466295342,315.7602223369578,-656.0225791841777,0.047917407620947046,203.4733760696529,315.7656390221517,-656.0268559639895,0.09583561201754527,203.42595639128834,315.7710548596849,-656.0311310716086,0.14375464509916366,203.3785356278586,315.7764698494843,-656.0354045069217,0.19167450691127438,203.3311137793629,315.7818839914766,-656.0396762698153,0.23959519749895047,203.2836908458,315.7872972855883,-656.0439463601755,0.2875167169076245,203.23626682716898,315.7927097317467,-656.0482147778894,0.3354390651826674,203.1888417234695,315.79812132987865,-656.0524815228434,0.38336224236871175,203.14141553469972,315.8035320799104,-656.0567465949235,0.4312862485117963,203.09398826085936,315.8089419817693,-656.0610099940168,0.47921108365666865
-40.0,-36.0,32.0,218.06483754315948,340.61030149639527,-651.0696141283693,0.047413869659921455,218.01801257794068,340.61599965610935,-651.0744211908689,0.09482857455094619,217.97118650677055,340.6216969398679,-651.0792266679899,0.14224410563680912,217.92435932964065,340.6273933475955,-651.0840305596238,0.18966046296621086,217.8775310465435,340.6330888792171,-651.0888328656612,0.23707764658688693,217.8307016574712,340.6387835346569,-651.0936335859933,0.28449565654699543,217.78387116241578,340.64447731384,-651.0984327205113,0.33191449289479436,217.73703956136995,340.6501702166911,-651.1032302691059,0.37933415567786216,217.69020685432523,340.65586224313427,-651.1080262316681,0.4267546449448967,217.64337304127417,340.6615533930947,-651.1128206080892,0.47417596074372526
-40.0,-36.0,36.0,232.83714376912724,365.90287500867487,-645.0496196557202,0.046894529382263114,232.79093649912505,365.90885510118613,-645.0549396253009,0.09378989569936248,232.74472810552746,365.9148342933675,-645.0602580981197,0.14068608451761086,232.6985185883196,365.9208125851418,-645.0655750740724,0.18758309588816272,232.6523079474872,365.92678997643196,-645.070890553055,0.2344809298616004,232.60609618301586,365.9327664671607,-645.0762045349634,0.28137958648864897,232.55988329489105,365.9387420572514,-645.0815170196936,0.3282790658202573,232.51366928309903,365.9447167466266,-645.0868280071414,0.3751793679064674,232.46745414762484,365.95069053520956,-645.0921374972029,0.4220804927986386,232.4212378884542,365.9566634229229,-645.0974454897735,0.468982440547336
-40.0,-36.0,40.0,247.8106511513046,391.59527712667943,-637.904460612835,0.04635856289356978,247.7650861801473,391.60153982760545,-637.910274621996,0.09271792786177743,247.71952007110653,391.6078016078474,-637.9160872245365,0.1390781104329624,247.67395282416155,391.61406246732713,-637.921898420358,0.18543911066044694,247.62838443929158,391.6203224059661,-637.9277082093613,0.23180092859743662,247.58281491647648,391.6265814236858,-637.933516591448,0.27816356429669514,247.53724425569516,391.632839520408,-637.9393235665187,0.32452701781178916,247.49167245692774,391.6390966960546,-637.9451291344753,0.3708912891952656,247.44609952015313,391.6453529505467,-637.9509332952184,0.4172563785006663,247.40052544535092,391.6516082838061,-637.9567360486495,0.46362228578102155
-40.0,-36.0,44.0,262.9558595530362,417.6406431852855,-629.577462069183,0.04580517524238364,262.91096183280666,417.6471892079325,-629.5837497087692,0.09161118035284653,262.86606296385446,417.653734293635,-629.5900360330971,0.1374179969704209,262.82116294615264,417.6602784423141,-629.5963210420734,0.18322562515096463,262.77626177967505,417.6668216538904,-629.6026047356046,0.22903406494944625,262.73135946439527,417.6733639282846,-629.6088871135978,0.2748433164212466,262.6864560002866,417.67990526541774,-629.6151681759595,0.3206533796219251,262.64155138732343,417.68644566521,-629.6214479225968,0.36646425460603377,262.59664562547863,417.6929851275826,-629.6277263534162,0.41227594142959373,262.55173871472624,417.6995236524559,-629.6340034683244,0.45808844014745354
-40.0,-36.0,48.0,278.24080449915937,443.9878422515665,-620.0138378600501,0.04523391487446568,278.196599138529,443.9946721737368,-620.0205771513723,0.09046863374451736,278.15239262185463,444.00150114684016,-620.0273152196905,0.13570415684436812,278.1081849491044,444.0083291707973,-620.0340520649178,0.1809404842314062,278.06397612024625,444.01515624552815,-620.0407876869663,0.22617761596291389,278.0197661352489,444.0219823709535,-620.0475220857487,0.27141555209572055,277.9755549940798,444.0288075469928,-620.0542552611778,0.3166542926876883,277.931342696708,444.0356317735672,-620.0609872131661,0.36189383779529055,277.8871292431011,444.0424550505966,-620.0677179416264,0.40713418747625973,277.84291463322756,444.0492773780011,-620.074447446471,0.4523753417876444
-40.0,-36.0,52.0,293.6310574928699,470.5814540551107,-609.161135554848,0.04464431186843841,293.587569562326,470.58856815340874,-609.1683029442166,0.08928937840959042,293.5440804719816,470.5956812946689,-609.175469203383,0.13393524074443702,293.50059022179965,470.6027934788121,-609.1826343322662,0.17858189893226073,293.4570988117435,470.60990470575786,-609.1897983307842,0.22322935303164804,293.41360624177656,470.61701497542725,-609.1969611988566,0.267877603101482,293.3701125118615,470.62412428774024,-609.2041229364015,0.31252664920111034,293.326617621962,470.6312326426166,-609.2112835433377,0.35717649138895613,293.28312157204095,470.63834003997715,-609.218443019584,0.4018271297242676,293.23962436206136,470.6454464797419,-609.2256013650589,0.4464785642661558
-40.0,-36.0,56.0,309.1598088216235,497.3202198787973,-596.9673861934752,0.04406085792874169,309.18711931368284,497.2860460223822,-596.972651106956,0.08812257318486047,309.21442947587025,497.2518706726206,-596.9779149686505,0.13218511652680037,309.2417393081322,497.2176938294349,-596.9831777784804,0.1762484880191854,309.2690488104148,497.1835154927476,-596.9884395363677,0.22031268772635132,309.2963579826646,497.14933566248163,-596.9937002422348,0.2643777157126036,309.3236668248278,497.11515433855965,-596.9989598960036,0.30844357204234146,309.35097533685087,497.08097152090477,-597.0042184975965,0.3525102567796827,309.3782835186798,497.0467872094391,-597.0094760469352,0.3965777699892042,309.4055913702612,497.0126014040856,-597.0147325439418,0.44064611173535034
-40.0,-36.0,60.0,324.64680066623123,524.2238571025114,-583.3908435653289,0.043457596277391174,324.6739774967023,524.1904271177459,-583.3965434680701,0.08691600036491344,324.70115399994074,524.156995636126,-583.4022424122622,0.13037522553729225,324.7283301758967,524.1235626575713,-583.4079403978341,0.1738352718606371,324.75550602451887,524.090128182,-583.4136374247129,0.21729613940093048,324.7826815457565,524.0566922093311,-583.4193334928269,0.2607578282240395,324.80985673955877,524.0232547394834,-583.4250286021045,0.30422033839618795,324.8370316058749,523.9898157723759,-583.4307227524733,0.34768366998307443,324.86420614465385,523.9563753079271,-583.4364159438611,0.3911478230507216,324.89138035584494,523.9229333460563,-583.442108176196,0.43461279766504396
-40.0,-36.0,64.0,340.1214072048896,551.1823904446725,-568.3864353896571,0.04283325876942469,340.14843956452677,551.1497305490241,-568.392546219827,0.08566735144589613,340.1754716014876,551.1170691583827,-568.3986561846501,0.12850225692406256,340.2025033157244,551.0844062726637,-568.4047652840603,0.17133797527151726,340.22953470718954,551.0517418917826,-568.4108735179918,0.21417450655566542,340.2565657758353,551.0190760156552,-568.4169808863792,0.2570118508438506,340.2835965216138,550.9864086441967,-568.4230873891559,0.2998500082034088,340.31062694447695,550.9537397773227,-568.4291930262559,0.3426889787015907,340.3376570443773,550.921069414949,-568.4352977976137,0.3855287624057129,340.3646868212669,550.8883975569904,-568.441401703163,0.42836935938366605
-40.0,-36.0,68.0,355.53989003607313,578.1239231413432,-551.9155980979206,0.04218801947215234,355.56676680355497,578.0920586746403,-551.9220938763295,0.08437688061485796,355.5936432547487,578.0601927201321,-551.9285888821541,0.12656654502128487,355.6205193896102,578.0283252777314,-551.9350831153349,0.1687570127604332,355.64739520809457,577.996456347351,-551.9415765758118,0.21094828390045206,355.67427071015715,577.9645859289035,-551.948069263525,0.25314035851005373,355.7011458957534,577.9327140223015,-551.9545611784148,0.2953332366579468,355.72802076483856,577.9008406274585,-551.9610523204215,0.33752691841207877,355.754895317368,577.8689657442869,-551.9675426894848,0.37972140384113334,355.78176955329695,577.8370893726992,-551.9740322855454,0.4219166930139513
-40.0,-36.0,72.0,370.8564521548952,604.972834987958,-533.9443459189735,0.04152219354448813,370.88316186254013,604.9417901341579,-533.9511988140927,0.08304512215469384,370.9098712620179,604.9107438049842,-533.9580510285516,0.12456884327186821,370.93658035328724,604.8796960003473,-533.9649025622963,0.16609335696565877,370.9632891363066,604.8486467201577,-533.9717534152733,0.20761866330535345,370.98999761103465,604.8175959643258,-533.9786035874287,0.24914476236057295,371.0167057774306,604.7865437327631,-533.9854530787094,0.2906716542006642,371.0434136354523,604.7554900253799,-533.9923018890611,0.3321993388945518,371.0701211850587,604.7244348420868,-533.9991500184308,0.37372781651214737,371.0968284262086,604.6933781827945,-534.0059974667643,0.41525708712273646
-40.0,-36.0,76.0,386.0233949113784,631.6500262064936,-514.4436754908161,0.040835848330137654,386.04992571979153,631.6198237225906,-514.4508559108501,0.08167250171701278,386.07645622977566,631.5896197808657,-514.4580357409196,0.12250993567917429,386.1029864412937,631.5594143812281,-514.4652149809773,0.16334815028744612,386.12951635430704,631.5292075235868,-514.4723936309753,0.20418714561131077,386.1560459687781,631.4989992078514,-514.4795716908667,0.24502692172098034,386.1825752846688,631.4687894339309,-514.4867491606035,0.2858674786864836,386.2091043019409,631.4385782017342,-514.4939260401383,0.3267088165777166,386.23563302055675,631.4083655111708,-514.5011023294237,0.3675509354649498,386.2621614404784,631.3781513621497,-514.5082780284121,0.4083938354182894
-40.0,-36.0,80.0,400.99129673506366,658.073199754223,-493.3899395363065,0.04012977325724658,401.0176364172843,658.043860709056,-493.3974162475986,0.08026030579389229,401.0439758123055,658.0145202285785,-493.4048924580219,0.12039160585219003,401.0703149200931,657.9851783126987,-493.41236816753513,0.16052367350257565,401.09665374061217,657.9558349613244,-493.4198433760964,0.2006565088156732,401.1229922738287,657.9264901743643,-493.42731808366506,0.2407901118619438,401.1493305197082,657.8971439517264,-493.43479229019914,0.28092448271195253,401.1756684782159,657.8677962933194,-493.4422659956572,0.32105962143570477,401.2020061493173,657.838447199051,-493.4497391999981,0.36119552810409966,401.2283435329783,657.8090966688295,-493.45721190318,0.4013322027876579
-40.0,-32.0,-40.0,16.38640449993928,-28.286175593338978,-637.9316838248426,0.05512135579430101,16.41466601594718,-28.239215781538093,-637.9258094683767,0.11024345001815802,16.442927637382095,-28.19225551309508,-637.9199323521386,0.1653662814280981,16.471189364165845,-28.145294788120186,-637.914052476012,0.22048985000176086,16.49945119621978,-28.09833360672434,-637.90816983988,0.2756141557159967,16.527713133465046,-28.051371969018113,-637.9022844436261,0.33073919854783895,16.55597517582337,-28.004409875111936,-637.8963962871336,0.38586497847477114,16.58423732321607,-27.957447325116885,-637.890505370286,0.4409914954735167,16.61249957556449,-27.91048431914326,-637.8846116929669,0.4961187495214419,16.640761932790227,-27.86352085730183,-637.8787152550594,0.5512467405957489
